Dataset,F1_measure,Accuracy
HDFS,1.000000,1.000000
Hadoop,0.999289,0.950500
Spark,0.999978,0.996500
Zookeeper,0.999860,0.987500
BGL,0.999935,0.983500
HPC,0.999972,0.994000
Thunderbird,0.999842,0.976000
Windows,0.999995,0.997000
Linux,0.999806,0.969000
Android,0.995523,0.944000
HealthApp,0.999998,0.999000
Apache,1.000000,1.000000
Proxifier,1.000000,1.000000
OpenSSH,0.998603,0.807500
OpenStack,1.000000,1.000000
Mac,0.986085,0.906000
